{
  "generated_at": "2026-03-25T19:42:25.416016",
  "metrics": {
    "total_evaluations": 220,
    "custom_metrics_results": {
      "response_length": {
        "mean": 4459.077272727272,
        "min": 0,
        "max": 40973,
        "total": 980997
      },
      "word_count": {
        "mean": 657.8681818181818,
        "min": 0,
        "max": 5642,
        "total": 144731
      }
    }
  }
}