{
  "total_prompts": 9,
  "successful_responses": 9,
  "errors": 0,
  "total_response_time": 1.2874603271484375e-05,
  "average_response_time": 1.430511474609375e-06,
  "error_details": [],
  "custom_metrics": {},
  "timestamp": "2025-12-23T19:47:49.902277"
}