{
  "total_prompts": 9,
  "successful_responses": 9,
  "errors": 0,
  "total_response_time": 1.1444091796875e-05,
  "average_response_time": 1.2715657552083333e-06,
  "error_details": [],
  "custom_metrics": {},
  "timestamp": "2025-12-23T19:23:53.084161"
}