{
  "total_prompts": 9,
  "successful_responses": 9,
  "errors": 0,
  "total_response_time": 1.0728836059570312e-05,
  "average_response_time": 1.1920928955078125e-06,
  "error_details": [],
  "custom_metrics": {},
  "timestamp": "2025-12-23T19:45:28.594444"
}